{
    "Day01Spec": 53.992796999999996,
    "Day02Spec": 922.961372,
    "Day03Spec": 9.028701,
    "Day04Spec": 533.267473,
    "_all": 1519.250343
}