{
    "Day01Spec": 395.86047099999996,
    "_all": 395.86047099999996
}