{
    "Day01Spec": 39.407178,
    "Day02Spec": 1152.612396,
    "_all": 1192.019574
}