{
    "Day01Spec": 34.270556,
    "_all": 34.270556
}