{
    "Day01Spec": 51.111035,
    "Day02Spec": 1187.997155,
    "Day03Spec": 10.705973,
    "Day04Spec": 359.47524500000003,
    "Day05Spec": 42.879373,
    "_all": 1652.168781
}