{
    "Day01Spec": 58.670704,
    "Day02Spec": 1547.778243,
    "Day03Spec": 12.202746,
    "_all": 1618.6516929999998
}