{
    "Day01Spec": 42.870319,
    "Day02Spec": 1428.25933,
    "Day03Spec": 4.626627,
    "Day04Spec": 798.916872,
    "Day05Spec": 60.747747000000004,
    "Day06Spec": 48.138789,
    "Day07Spec": 10.615587,
    "Day08Spec": 2609.9315659999997,
    "Day09Spec": 273.77849399999997,
    "Day10Spec": 9.969201,
    "Day11Spec": 60075.131559,
    "Day12Spec": 4.0356060000000005,
    "_all": 65367.021697
}