{
    "Day01Spec": 45.767520000000005,
    "Day02Spec": 830.5602710000001,
    "Day03Spec": 14.550863,
    "Day04Spec": 577.111195,
    "Day05Spec": 51.35597,
    "Day06Spec": 48.206165,
    "Day07Spec": 37.078867,
    "_all": 1604.6308510000001
}