{
    "Day01Spec": 54.013171,
    "Day02Spec": 1041.945114,
    "Day03Spec": 8.90738,
    "Day04Spec": 397.99434,
    "Day05Spec": 47.187576,
    "Day06Spec": 46.846975,
    "_all": 1596.8945560000002
}