{
    "Day01Spec": 53.822493,
    "Day02Spec": 1821.850809,
    "Day03Spec": 14.535362,
    "Day04Spec": 788.210474,
    "Day05Spec": 33.537369,
    "Day06Spec": 43.103498,
    "Day07Spec": 27.998272999999998,
    "Day08Spec": 2839.8663579999998,
    "_all": 5622.924636
}